date,line,shift,product,production_quantity,scrap_quantity
2026-09-01,L1,1,Producto B,1347,34
2026-09-01,L1,2,Producto B,1268,34
2026-09-01,L1,3,Producto B,1341,33
2026-09-01,L2,1,Producto C,956,30
2026-09-01,L2,2,Producto C,974,26
2026-09-01,L2,3,Producto B,1006,31
2026-09-01,L3,1,Producto D,821,28
2026-09-01,L3,2,Producto D,821,28
2026-09-01,L3,3,Producto E,807,31
2026-09-02,L1,1,Producto B,1305,36
2026-09-02,L1,2,Producto A,1309,35
2026-09-02,L1,3,Producto A,1249,31
2026-09-02,L2,1,Producto D,1087,31
2026-09-02,L2,2,Producto B,958,30
2026-09-02,L2,3,Producto C,1040,30
2026-09-02,L3,1,Producto D,422,14
2026-09-02,L3,1,Producto E,367,11
2026-09-02,L3,2,Producto D,843,32
2026-09-02,L3,3,Producto E,817,27
2026-09-03,L1,1,Producto B,1336,43
2026-09-03,L1,2,Producto A,1380,39
2026-09-03,L1,3,Producto B,1318,26
2026-09-03,L2,1,Producto B,950,34
2026-09-03,L2,2,Producto D,1082,39
2026-09-03,L2,3,Producto D,940,33
2026-09-03,L3,1,Producto E,485,19
2026-09-03,L3,1,Producto D,295,9
2026-09-03,L3,2,Producto E,467,14
2026-09-03,L3,2,Producto D,376,13
2026-09-03,L3,3,Producto D,811,26
2026-09-04,L1,1,Producto A,1308,39
2026-09-04,L1,2,Producto B,1214,29
2026-09-04,L1,3,Producto A,1238,29
2026-09-04,L2,1,Producto C,331,10
2026-09-04,L2,1,Producto B,711,27
2026-09-04,L2,2,Producto D,975,34
2026-09-04,L2,3,Producto B,505,18
2026-09-04,L2,3,Producto C,493,10
2026-09-04,L3,1,Producto E,801,34
2026-09-04,L3,2,Producto D,852,32
2026-09-04,L3,3,Producto E,836,27
2026-09-05,L1,1,Producto B,1292,38
2026-09-05,L1,2,Producto B,1301,36
2026-09-05,L1,3,Producto A,1281,20
2026-09-05,L2,1,Producto D,1006,34
2026-09-05,L2,2,Producto D,994,31
2026-09-05,L2,3,Producto C,1062,35
2026-09-05,L3,1,Producto D,788,33
2026-09-05,L3,2,Producto E,840,27
2026-09-05,L3,3,Producto D,829,29
2026-09-07,L1,1,Producto B,1215,30
2026-09-07,L1,2,Producto A,1319,31
2026-09-07,L1,3,Producto B,1334,30
2026-09-07,L2,1,Producto D,1090,27
2026-09-07,L2,2,Producto C,636,19
2026-09-07,L2,2,Producto B,400,13
2026-09-07,L2,3,Producto B,496,19
2026-09-07,L2,3,Producto D,517,16
2026-09-07,L3,1,Producto D,804,21
2026-09-07,L3,2,Producto D,770,24
2026-09-07,L3,3,Producto E,799,28
2026-09-08,L1,1,Producto B,1271,28
2026-09-08,L1,2,Producto B,1252,34
2026-09-08,L1,3,Producto A,1328,25
2026-09-08,L2,1,Producto D,1081,43
2026-09-08,L2,2,Producto C,1002,30
2026-09-08,L2,3,Producto C,643,23
2026-09-08,L2,3,Producto B,369,11
2026-09-08,L3,1,Producto E,767,24
2026-09-08,L3,2,Producto E,807,23
2026-09-08,L3,3,Producto D,784,30
2026-09-09,L1,1,Producto B,1281,30
2026-09-09,L1,2,Producto A,1311,37
2026-09-09,L1,3,Producto B,1333,40
2026-09-09,L2,1,Producto C,997,25
2026-09-09,L2,2,Producto D,982,23
2026-09-09,L2,3,Producto C,640,20
2026-09-09,L2,3,Producto D,378,9
2026-09-09,L3,1,Producto E,247,9
2026-09-09,L3,1,Producto D,572,19
2026-09-09,L3,2,Producto E,372,13
2026-09-09,L3,2,Producto D,439,15
2026-09-09,L3,3,Producto D,429,12
2026-09-09,L3,3,Producto E,381,14
2026-09-10,L1,1,Producto A,1301,33
2026-09-10,L1,2,Producto A,1362,25
2026-09-10,L1,3,Producto B,1294,29
2026-09-10,L2,1,Producto C,1000,32
2026-09-10,L2,2,Producto C,957,32
2026-09-10,L2,3,Producto B,325,9
2026-09-10,L2,3,Producto C,671,20
2026-09-10,L3,1,Producto D,805,80
2026-09-10,L3,2,Producto E,786,79
2026-09-10,L3,3,Producto D,873,87
2026-09-11,L1,1,Producto B,1352,34
2026-09-11,L1,2,Producto A,1277,36
2026-09-11,L1,3,Producto B,1341,43
2026-09-11,L2,1,Producto B,683,24
2026-09-11,L2,1,Producto D,301,8
2026-09-11,L2,2,Producto C,970,32
2026-09-11,L2,3,Producto D,566,18
2026-09-11,L2,3,Producto C,415,13
2026-09-11,L3,1,Producto D,825,26
2026-09-11,L3,2,Producto D,796,31
2026-09-11,L3,3,Producto E,814,24
2026-09-12,L1,1,Producto A,1220,32
2026-09-12,L1,2,Producto A,1345,27
2026-09-12,L1,3,Producto A,1286,26
2026-09-12,L2,1,Producto D,1005,30
2026-09-12,L2,2,Producto D,990,34
2026-09-12,L2,3,Producto C,973,30
2026-09-12,L3,1,Producto D,823,32
2026-09-12,L3,2,Producto D,324,11
2026-09-12,L3,2,Producto E,485,17
2026-09-12,L3,3,Producto D,828,26
2026-09-14,L1,1,Producto B,1341,29
2026-09-14,L1,2,Producto A,1334,44
2026-09-14,L1,3,Producto B,1302,38
2026-09-14,L2,1,Producto B,1043,29
2026-09-14,L2,2,Producto B,1054,37
2026-09-14,L2,3,Producto C,1008,34
2026-09-14,L3,1,Producto D,304,11
2026-09-14,L3,1,Producto E,537,16
2026-09-14,L3,2,Producto E,257,8
2026-09-14,L3,2,Producto D,597,20
2026-09-14,L3,3,Producto E,364,11
2026-09-14,L3,3,Producto D,488,19
2026-09-15,L1,1,Producto A,1233,24
2026-09-15,L1,2,Producto B,1261,39
2026-09-15,L1,3,Producto B,1305,29
2026-09-15,L2,1,Producto C,1029,34
2026-09-15,L2,2,Producto D,353,10
2026-09-15,L2,2,Producto B,651,19
2026-09-15,L2,3,Producto B,1009,34
2026-09-15,L3,1,Producto E,823,27
2026-09-15,L3,2,Producto E,806,26
2026-09-16,L1,1,Producto A,1310,26
2026-09-16,L1,2,Producto B,1336,39
2026-09-16,L1,3,Producto A,1360,34
2026-09-16,L2,1,Producto C,1048,29
2026-09-16,L2,2,Producto C,976,30
2026-09-16,L2,3,Producto C,1087,38
2026-09-16,L3,1,Producto D,387,15
2026-09-16,L3,1,Producto E,442,18
2026-09-16,L3,2,Producto E,805,29
2026-09-17,L1,1,Producto B,1276,31
2026-09-17,L1,2,Producto A,1361,33
2026-09-17,L1,3,Producto A,1369,44
2026-09-17,L2,1,Producto C,977,31
2026-09-17,L2,2,Producto D,670,16
2026-09-17,L2,2,Producto B,362,9
2026-09-17,L2,3,Producto D,1058,39
2026-09-17,L3,1,Producto D,385,14
2026-09-17,L3,1,Producto E,462,17
2026-09-17,L3,2,Producto D,824,31
2026-09-17,L3,3,Producto E,847,25
2026-09-18,L1,1,Producto A,1309,28
2026-09-18,L1,2,Producto A,1370,30
2026-09-18,L1,3,Producto B,1383,34
2026-09-18,L2,1,Producto B,1025,28
2026-09-18,L2,2,Producto B,971,31
2026-09-18,L2,3,Producto D,543,15
2026-09-18,L2,3,Producto B,438,10
2026-09-18,L3,1,Producto E,838,27
2026-09-18,L3,2,Producto D,779,30
2026-09-18,L3,3,Producto E,765,31
2026-09-19,L1,1,Producto A,1368,22
2026-09-19,L1,2,Producto A,1315,34
2026-09-19,L1,3,Producto A,1322,33
2026-09-19,L2,1,Producto B,1028,19
2026-09-19,L2,2,Producto D,1014,33
2026-09-19,L2,3,Producto B,995,34
2026-09-19,L3,1,Producto E,779,24
2026-09-19,L3,2,Producto D,834,38
2026-09-19,L3,3,Producto E,861,31
2026-09-21,L1,1,Producto B,1263,41
2026-09-21,L1,2,Producto B,1233,22
2026-09-21,L1,3,Producto B,1374,39
2026-09-21,L2,1,Producto B,1038,19
2026-09-21,L2,2,Producto D,975,31
2026-09-21,L2,3,Producto C,1031,33
2026-09-21,L3,1,Producto D,865,33
2026-09-21,L3,2,Producto D,828,33
2026-09-21,L3,3,Producto D,843,31
2026-09-22,L1,1,Producto A,1286,31
2026-09-22,L1,2,Producto B,1334,39
2026-09-22,L1,3,Producto A,1286,34
2026-09-22,L2,1,Producto B,1039,37
2026-09-22,L2,2,Producto D,1024,35
2026-09-22,L2,3,Producto B,1005,21
2026-09-22,L3,1,Producto D,775,32
2026-09-22,L3,2,Producto D,787,30
2026-09-22,L3,3,Producto E,769,25
2026-09-23,L1,1,Producto A,1382,31
2026-09-23,L1,2,Producto A,1296,32
2026-09-23,L1,3,Producto A,1356,30
2026-09-23,L2,1,Producto B,995,35
2026-09-23,L2,2,Producto D,663,17
2026-09-23,L2,2,Producto C,375,14
2026-09-23,L2,3,Producto B,1067,24
2026-09-23,L3,1,Producto D,772,25
2026-09-23,L3,2,Producto D,822,28
2026-09-23,L3,3,Producto E,779,25
2026-09-24,L1,1,Producto B,1361,36
2026-09-24,L1,2,Producto A,1289,35
2026-09-24,L1,3,Producto A,1310,25
2026-09-24,L2,1,Producto D,1018,35
2026-09-24,L2,2,Producto B,1059,31
2026-09-24,L2,3,Producto B,963,26
2026-09-24,L3,1,Producto E,856,34
2026-09-24,L3,2,Producto E,829,29
2026-09-24,L3,3,Producto D,792,23
2026-09-25,L1,1,Producto B,1316,29
2026-09-25,L1,2,Producto B,1379,48
2026-09-25,L1,3,Producto B,1365,36
2026-09-25,L2,1,Producto C,1028,32
2026-09-25,L2,2,Producto D,982,34
2026-09-25,L2,3,Producto B,406,10
2026-09-25,L2,3,Producto C,602,17
2026-09-25,L3,1,Producto D,851,28
2026-09-25,L3,2,Producto D,789,30
2026-09-25,L3,3,Producto E,266,8
2026-09-25,L3,3,Producto D,488,16
2026-09-26,L1,1,Producto B,1335,38
2026-09-26,L1,2,Producto A,1307,36
2026-09-26,L1,3,Producto B,1241,27
2026-09-26,L2,1,Producto B,1042,28
2026-09-26,L2,2,Producto C,960,32
2026-09-26,L2,3,Producto D,1032,25
2026-09-26,L3,1,Producto D,842,32
2026-09-26,L3,2,Producto E,784,26
2026-09-26,L3,3,Producto D,840,28
2026-09-27,L1,1,Producto A,1318,33
2026-09-27,L1,2,Producto B,1380,37
2026-09-28,L1,1,Producto B,1270,40
2026-09-28,L1,2,Producto B,1292,31
2026-09-28,L1,3,Producto B,1282,32
2026-09-28,L2,1,Producto C,974,88
2026-09-28,L2,2,Producto C,1034,93
2026-09-28,L2,3,Producto C,521,17
2026-09-28,L2,3,Producto B,526,20
2026-09-28,L3,1,Producto E,819,29
2026-09-28,L3,2,Producto E,825,32
2026-09-28,L3,3,Producto E,801,27
2026-09-29,L1,1,Producto B,1210,31
2026-09-29,L1,2,Producto A,1316,38
2026-09-29,L1,3,Producto B,1316,37
2026-09-29,L2,1,Producto C,1025,92
2026-09-29,L2,2,Producto C,989,89
2026-09-29,L2,3,Producto B,1000,23
2026-09-29,L3,1,Producto D,434,15
2026-09-29,L3,1,Producto E,442,15
2026-09-29,L3,2,Producto D,831,32
2026-09-29,L3,3,Producto D,788,33
2026-09-30,L1,1,Producto A,1255,32
2026-09-30,L1,2,Producto B,810,20
2026-09-30,L1,3,Producto A,1207,25
2026-09-30,L2,1,Producto C,1082,97
2026-09-30,L2,2,Producto C,1034,93
2026-09-30,L2,3,Producto D,700,20
2026-09-30,L3,1,Producto D,822,31
2026-09-30,L3,2,Producto D,832,25
2026-09-30,L3,3,Producto E,820,30
